Model,Weight
ARIMA,0.23992194887059276
Prophet,0.3420699291601928
LSTM,0.06595634579028814
XGBoost,0.35205177617892636
