Model,MAPE,RMSE,MAE,R2,Status
ARIMA,27.490751096667342,2497664.707493164,1812622.1124129028,-0.7605957405829185,Success
Prophet,19.28153870532142,1465027.7074839568,1065938.6989804464,0.39426446883154576,Success
LSTM,,,,,Failed
XGBoost,18.73484250133894,1489191.7755644226,1068906.2951157407,0.374117756699349,Success
