Category,Revenue,COGS,UnitsSold,GrossProfit,GrossMargin,RevenueShare
Girls Clothing,884504.91,484831.67,27306,399673.24000000005,45.19,45.2
Boys Clothing,548600.87,300543.7,20369,248057.16999999998,45.22,28.04
Infants,339040.68,185050.95,16074,153989.72999999998,45.42,17.33
Accessories,184637.74,101223.59,8869,83414.15,45.18,9.44
