Category,ProductCount,TotalUnits,StockValue,AvgCost,ValueShare
Girls Clothing,300,3538,63090.02,17.790533333333332,41.4
Boys Clothing,250,2892,43041.53,14.775360000000001,28.25
Infants,200,2282,26492.87,11.52435,17.39
Accessories,150,1769,19761.09,11.330866666666665,12.97
