DeviceType,Sessions,SessionShare,Conversions,ConversionRate,AvgDuration
Mobile,115432,57.72,2024,1.75,109.39192771501837
Desktop,70573,35.29,1238,1.75,109.80231816700437
Tablet,13995,7.0,253,1.81,108.71482672382994
