Metric,Value
Total Revenue,1956784.2
COGS,1071649.91
Gross Profit,885134.29
Gross Margin %,45.23412903681459
Operating Expenses,587035.26
Operating Profit,298099.03
Operating Margin %,15.234129036814586
Net Profit,223574.27250000002
Net Margin %,11.425596777610942
EBITDA,337234.71400000004
