category,transactions,revenue,avg_transaction_value,profit,avg_profit,avg_margin_pct,quantity_sold,unique_customers,unique_products,total_discount,avg_discount_pct,revenue_share_pct,profit_share_pct,transactions_per_customer,revenue_per_customer
Electronics,41883,5059309096.77,120796.2442224769,889607673.4,21240.304500632716,17.124094023828285,70075,17496,200,321024929.92,5.955698732182508,72.18897667802915,59.84992055153816,2.393861454046639,289169.47283779155
Home & Living,24899,943399961.38,37889.070299208804,272503680.78,10944.3624555203,28.70273063175228,41716,14303,120,51128301.13,5.1191011687216355,13.46094427272555,18.333164306409316,1.7408236034398379,65958.187889254
Fashion,48912,538356930.9,11006.643173454366,213959788.96,4374.382338894341,39.39376124468433,82084,18300,250,32480649.28,5.6803064687602225,7.681569792604076,14.394521038176864,2.672786885245902,29418.411524590163
Sports,10039,257860656.26,25685.890652455422,57728256.1,5750.399053690607,22.210462197430022,16891,7875,50,14726706.09,5.35174818208985,3.679296232922111,3.8837699409212947,1.2747936507936508,32744.210318730158
Beauty,18165,116674092.11,6423.016356179466,40350031.33,2221.306431599229,33.94323093861822,30554,11906,80,6812474.06,5.553830443159923,1.6647694681544996,2.714619310918115,1.5257013270619855,9799.60457836385
Grocery,56102,92822611.39,1654.5330182524688,12247986.84,218.31640298028591,13.094517307760864,94171,18756,300,4705961.94,4.80203896474279,1.3244435555646175,0.8240048520362561,2.991149498827042,4948.955608338665
