channel,transactions,revenue,profit,avg_margin_pct,customers,avg_discount_pct,revenue_share_pct,transaction_share_pct,avg_transaction_value
In-Store,89999,3268889336.26,801257711.28,28.036979966444072,19778,1.261106123401371,46.642292760682665,44.9995,36321.39619617996
Online,70054,2387140178.33,437066007.0,21.95705156022497,19401,8.790115196848145,34.06101571668506,35.027,34075.71556699117
Mobile App,39947,1352393834.22,248073699.13,21.814007309685334,17271,8.74840864144992,19.29669152263227,19.9735,33854.703337422085
