segment,transactions,revenue,profit,avg_margin_pct,customers,quantity,revenue_per_customer,transactions_per_customer,avg_transaction_value,customer_share_pct,revenue_share_pct
VIP,10293,747924609.41,158258316.38,24.72250947245701,1021,35987,732541.2433006855,10.081292850146914,72663.42265714562,5.105510551055105,10.67179552640744
Premium,29693,1241855296.26,263748350.51,24.63529384029906,2986,59275,415892.597541862,9.944072337575351,41823.1669504597,14.931493149314932,17.719467481525093
New,29695,930104595.79,197737139.29,24.602952012123254,2961,44594,314118.4045221209,10.02870651806822,31321.926108435764,14.806480648064808,13.271238757971545
Occasional,60317,1899774264.21,401960469.77,24.615375433128307,6053,90644,313856.64368247153,9.96481083760119,31496.49790622876,30.26802680268027,27.107013512997526
Regular,70002,2188764583.14,464693141.46,24.73656138396046,6977,104991,313711.4208313028,10.03325211408915,31267.17212565355,34.88848884888489,31.2304847210984
