feature,importance
profit,0.343133006957136
avg_margin_pct,0.12984720338337832
customers,0.08453629031622048
category_Home & Living,0.07490402651656798
transactions,0.0698884467060729
category_Fashion,0.06489540451413749
category_Electronics,0.06147456321348128
category_Beauty,0.05963409314015483
category_Grocery,0.05483518591035562
category_Sports,0.050361586219518556
month_num,0.006490193122976527
