month_index,forecasted_revenue,forecast_period
37,211694806.436421,Month +1
38,216318208.05802223,Month +2
39,221620897.50216272,Month +3
40,227643028.38437006,Month +4
41,234424754.32017168,Month +5
42,242006228.92509493,Month +6
43,250427605.81466755,Month +7
44,259729038.60441712,Month +8
45,269950680.90987074,Month +9
46,281132686.3465562,Month +10
47,293315208.5300008,Month +11
48,306538401.07573223,Month +12
