Store,Total_Revenue,Avg_Transaction,Total_Units,Avg_Footfall,Avg_Conversion,Avg_Discount,Unique_SKUs,Transactions,Performance_Score
Store_D,2274215805.52,11166.78273741892,336666,2683.2396456822435,26.475078685449695,14.574490938284093,106178,203659,99.68
Store_B,1801249328.97,11162.992637349016,266533,2205.6063993951375,25.576532514455344,14.400880706994961,94685,161359,84.12
Store_E,1662005474.36,11150.582514441365,246388,1945.5450416300462,26.76293818894204,14.546995793386156,90471,149051,81.19
Store_A,1512754051.28,11129.165296666593,224114,1796.391975104284,26.42210627763432,14.467140523957713,85951,135927,76.25
Store_C,1242402654.18,11177.309446173778,184070,1501.2607823380176,26.19906031271929,14.538071774295123,75709,111154,67.59
